id,compositor,musica
1,John Smith,Cancao da Aurora
2,Alice Johnson,Melodia Serena
3,Bob Brown,Ritmo da Cidade
4,Sarah Davis,Serenata da Lua
5,Mike Wilson,Cancao do Vento
6,Emily Lee,A Noite Estrelada
7,David Taylor,O Sonho Real
8,Olivia Clark,Cancao do Amanhecer
9,Daniel Adams,Melodia Magica
10,Sophia Moore,Cancao dos Segredos
11,George Hall,O Encanto da Natureza
12,Ella Mitchell,Cancao dos Misterios
13,William Turner,Serenata da Primavera
14,Ava Harris,Melodia do Coracao
15,James Scott,Cancao do Destino
16,John Smith,Melodia Serena
17,Alice Johnson,Ritmo da Cidade
18,Bob Brown,Serenata da Lua
